scan_coordinate_px,carrier_amplitude,unwrapped_phase_rad,fitted_phase_rad,fit_used
0,763.59480895849447,0.67508916004789454,0.65525139173330516,0
1,752.80209475468894,0.65519576139585722,0.65520161009425992,0
2,744.99171607532469,0.6472167225653892,0.65515182845521469,0
3,729.19845845661189,0.64327584238789182,0.65510204681616946,0
4,712.56784329285051,0.62026413223045185,0.65505226517712423,0
5,696.12843149478158,0.63016013143540983,0.65500248353807899,0
6,666.54095402149437,0.60984743430196631,0.65495270189903365,0
7,661.43410483362572,0.60926361176591703,0.65490292025998842,0
8,644.91353999888258,0.60401650704519616,0.65485313862094319,0
9,635.88974873910433,0.59869560146693579,0.65480335698189795,0
10,635.21973092992414,0.59485669905318395,0.65475357534285272,0
11,634.05484961391551,0.59870747096296206,0.65470379370380749,0
12,633.39038050106194,0.59825752883928418,0.65465401206476226,0
13,633.39320728222083,0.59241122158164417,0.65460423042571703,0
14,632.189016523394,0.59988074384115619,0.65455444878667179,0
15,630.4981874017584,0.57992214892752192,0.65450466714762656,0
16,642.54644488599615,0.5963826950889437,0.65445488550858133,0
17,642.2681553516768,0.58314781837295526,0.65440510386953599,0
18,643.80453843944531,0.55588654647144731,0.65435532223049075,0
19,655.46450414494814,0.58170181293846968,0.65430554059144552,0
20,650.97659644309681,0.5731172170110973,0.65425575895240029,0
21,658.38244033102444,0.57497907013187777,0.65420597731335506,0
22,656.69272629692762,0.56634696880520341,0.65415619567430983,0
23,644.76462300002083,0.56464549999853331,0.65410641403526459,0
24,661.19479466076314,0.56826096845390728,0.65405663239621936,0
25,655.77546792163992,0.56967076936329308,0.65400685075717413,0
26,656.32236249354958,0.56903117697872951,0.6539570691181289,0
27,652.91446130118618,0.56340819352050775,0.65390728747908367,0
28,656.58556045793023,0.54411126215877448,0.65385750584003832,0
29,658.66777397828935,0.54735351061057025,0.65380772420099309,0
30,653.85510976111891,0.55402293656656221,0.65375794256194786,0
31,655.01167234045113,0.55794240062591227,0.65370816092290263,0
32,649.4757085508619,0.5511736538713965,0.65365837928385739,0
33,663.39005191133742,0.54738535266988897,0.65360859764481216,0
34,664.03208190413704,0.54695955567109977,0.65355881600576693,0
35,662.42499743803978,0.55195741627549855,0.6535090343667217,0
36,657.9688357437509,0.55752588356501209,0.65345925272767647,0
37,660.86850940846523,0.55795106180249832,0.65340947108863123,0
38,644.43384250887107,0.55048428143730865,0.653359689449586,0
39,659.17136629848846,0.55975954597146005,0.65330990781054066,0
40,654.50943178780221,0.56373169023185676,0.65326012617149543,0
41,654.2014665996553,0.54787939176232126,0.65321034453245019,0
42,655.00659575832981,0.55552475833964199,0.65316056289340496,0
43,657.97565524241247,0.57364191872560044,0.65311078125435973,0
44,653.73908485827189,0.56112709907349578,0.6530609996153145,0
45,657.73293596777648,0.5545199674728537,0.65301121797626926,0
46,651.02790445503467,0.56659980485412231,0.65296143633722403,0
47,651.10200404424211,0.58346688358561449,0.6529116546981788,0
48,650.95190123482178,0.57917900482984275,0.65286187305913357,0
49,658.91903245722676,0.57107245462108991,0.65281209142008834,0
50,660.20932371409526,0.58212730805968083,0.65276230978104299,0
51,643.77074364355985,0.58419767599769068,0.65271252814199776,0
52,649.54463945138411,0.58781199167835474,0.65266274650295253,0
53,647.37676209340259,0.5778290898421149,0.6526129648639073,0
54,649.52067895663743,0.58278152579705633,0.65256318322486206,0
55,642.29243888069038,0.58793211019546299,0.65251340158581683,0
56,632.37609946820305,0.57236578990344933,0.6524636199467716,0
57,623.63780081915979,0.57335886187650842,0.65241383830772637,0
58,615.07255565624985,0.57463515232359097,0.65236405666868114,0
59,610.00414842969235,0.55667386436104971,0.6523142750296359,0
60,604.16487646698545,0.55972255503726109,0.65226449339059056,0
61,592.31597755077939,0.56432746500513509,0.65221471175154533,0
62,586.66212229217149,0.55347385364571977,0.6521649301125001,0
63,565.55872142327644,0.56219446001103257,0.65211514847345486,0
64,536.26412182251386,0.55516942125535484,0.65206536683440963,0
65,533.26619268037996,0.54769909248415027,0.6520155851953644,0
66,515.46887871747629,0.52025250096345743,0.65196580355631917,0
67,522.07543214314683,0.54586765136900017,0.65191602191727394,0
68,522.11411212691257,0.54940268499416833,0.6518662402782287,0
69,532.65775909805711,0.55583645631619172,0.65181645863918347,0
70,533.76744506577938,0.57483260937988767,0.65176667700013824,0
71,559.28097340547629,0.58862375050067617,0.6517168953610929,0
72,551.10340370474501,0.60614520970152241,0.65166711372204766,0
73,566.48561438898071,0.63056993438884168,0.65161733208300243,0
74,574.24619394158572,0.62254683068420269,0.6515675504439572,0
75,575.86271914154656,0.62023116434486525,0.65151776880491197,0
76,577.84435243690723,0.63440473668299546,0.65146798716586674,0
77,581.5793907260155,0.63268091402078974,0.6514182055268215,0
78,592.194490290261,0.64480673145311307,0.65136842388777627,0
79,612.88239767116374,0.6261781317754358,0.65131864224873104,0
80,621.22787824332829,0.6272175983942937,0.65126886060968581,0
81,629.95370631966,0.645839966055059,0.65121907897064057,0
82,622.58113144242782,0.65345612850121648,0.65116929733159523,0
83,633.8333743131185,0.63885534647025366,0.65111951569255,0
84,641.55513962277837,0.63562962219412611,0.65106973405350477,1
85,645.04663379664828,0.64869808611265589,0.65101995241445954,1
86,638.14722405763393,0.62587784094285615,0.6509701707754143,1
87,646.61979073680573,0.63066148296083147,0.65092038913636907,1
88,651.95876872970007,0.65037971165692721,0.65087060749732384,1
89,652.17979917875232,0.6238065915666583,0.65082082585827861,1
90,655.29334884537059,0.63237988582170213,0.65077104421923337,1
91,653.87680548268031,0.62690800192461948,0.65072126258018814,1
92,648.1237714498028,0.63376872979607424,0.65067148094114291,1
93,653.89963232293974,0.62083625956975441,0.65062169930209757,1
94,645.24896050290454,0.62871181921577446,0.65057191766305233,1
95,662.95046496250984,0.62197048976564207,0.6505221360240071,1
96,663.12762524604307,0.6387723674172533,0.65047235438496187,1
97,659.45947876013736,0.62308223137010765,0.65042257274591664,1
98,646.67509507023442,0.6231442951773225,0.65037279110687141,1
99,656.47178854858396,0.62961253993684185,0.65032300946782617,1
100,655.77996075976262,0.61241825640366032,0.65027322782878094,1
101,647.18037876192011,0.6327702824117013,0.65022344618973571,1
102,658.6749025851642,0.62143267892112097,0.65017366455069048,1
103,656.75015126689254,0.6178934328930602,0.65012388291164525,1
104,652.29313209096347,0.60645582895084815,0.6500741012725999,1
105,661.51517796280154,0.62023070472656983,0.65002431963355467,1
106,654.68073730243725,0.63096834643750133,0.64997453799450944,1
107,660.14891604775914,0.62073248519090773,0.64992475635546421,1
108,656.10861042123884,0.63288797161817512,0.64987497471641897,1
109,658.67223473107788,0.61901305260885797,0.64982519307737374,1
110,656.23241014190592,0.60792280098138141,0.64977541143832851,1
111,659.76007662378606,0.61024123477201442,0.64972562979928328,1
112,656.23457387830797,0.62193454237020396,0.64967584816023805,1
113,658.49667705022307,0.63026193655137175,0.64962606652119281,1
114,656.29331911765928,0.61079712098677086,0.64957628488214758,1
115,657.08920853032168,0.62879010179520489,0.64952650324310224,1
116,656.93204475021707,0.63140077858282229,0.64947672160405701,1
117,665.98379228533781,0.63179173118947385,0.64942693996501177,1
118,663.46473280239218,0.63165236617169385,0.64937715832596654,1
119,662.89040623773883,0.6326763390362814,0.64932737668692131,1
120,660.03507193886583,0.62929291369894591,0.64927759504787608,1
121,656.56646602963065,0.63431241969788588,0.64922781340883084,1
122,649.84582721869344,0.63550209773837985,0.64917803176978561,1
123,649.58076583614616,0.64038675618572716,0.64912825013074038,1
124,647.8772767548603,0.63881869056016172,0.64907846849169515,1
125,644.15618372676636,0.65006233383000822,0.64902868685264992,1
126,638.85126227300498,0.64098964010387283,0.64897890521360457,1
127,637.15694745726091,0.63281033745480786,0.64892912357455934,1
128,650.10076481907151,0.63116601454387133,0.64887934193551411,1
129,661.5056669551202,0.64139121019192413,0.64882956029646888,1
130,666.47894900004599,0.63979031682246523,0.64877977865742364,1
131,695.06430244047453,0.6242041109643276,0.64872999701837841,1
132,720.89492197956304,0.61341298532208155,0.64868021537933318,1
133,731.62311919622869,0.59999487736146073,0.64863043374028795,1
134,744.15065725185048,0.61032866493136018,0.64858065210124272,1
135,761.73458762836674,0.60784183376813361,0.64853087046219748,1
136,775.13977563179378,0.59485208671120415,0.64848108882315225,1
137,779.37945069763657,0.60248151735025246,0.64843130718410691,1
138,777.55197184746532,0.59296457417366544,0.64838152554506168,1
139,778.2707005658915,0.60084250799690553,0.64833174390601644,1
140,769.76344123051422,0.58758441282810514,0.64828196226697121,1
141,751.25677197612924,0.6008414560553218,0.64823218062792598,1
142,729.97090402146603,0.5902823374363837,0.64818239898888075,1
143,705.88928188643456,0.59603534460286567,0.64813261734983552,1
144,684.4395204030078,0.61913223527876105,0.64808283571079028,1
145,664.73340773820792,0.61788362261430596,0.64803305407174505,1
146,649.30466928208136,0.61517048277554154,0.64798327243269982,1
147,642.55433414131858,0.6257910192501368,0.64793349079365459,1
148,637.63220777808317,0.61977851433354225,0.64788370915460924,1
149,632.16948195080067,0.63170035724970364,0.64783392751556401,0
150,649.76414720830155,0.61633701232918836,0.64778414587651878,1
151,647.94448920420643,0.61829984224559142,0.64773436423747355,1
152,658.50209739213653,0.61431562081019064,0.64768458259842832,1
153,648.08352567577072,0.62669038488963691,0.64763480095938308,1
154,642.73375650009461,0.59910417262052973,0.64758501932033785,1
155,654.71860742671367,0.60691224559459078,0.64753523768129262,1
156,658.9656697583074,0.60139432554261507,0.64748545604224739,1
157,666.27080355493888,0.58815968494819859,0.64743567440320215,1
158,655.95885702506177,0.58223389066934517,0.64738589276415692,1
159,653.9553002322549,0.60047931741536309,0.64733611112511158,1
160,650.05318634825494,0.5779494525765746,0.64728632948606635,1
161,657.91178307631571,0.56764458589827238,0.64723654784702112,1
162,658.89290445177437,0.57495224264852141,0.64718676620797588,1
163,660.72222547946012,0.56185306181840566,0.64713698456893065,1
164,657.21890130811391,0.56582691093449855,0.64708720292988542,1
165,662.57228843679911,0.5628595203024287,0.64703742129084019,1
166,649.59162619993117,0.56292849142093915,0.64698763965179495,1
167,645.21428403768255,0.5679935146924705,0.64693785801274972,1
168,652.49551990579175,0.5728958839866265,0.64688807637370449,1
169,658.65847776297596,0.57136723600840744,0.64683829473465915,1
170,659.80782404128695,0.55994767084462227,0.64678851309561392,1
171,655.47662060196387,0.57010793418081929,0.64673873145656868,1
172,656.47309650146713,0.55955391806703036,0.64668894981752345,1
173,656.33490616686208,0.55240037550309862,0.64663916817847822,1
174,660.54389485882791,0.56480671178616226,0.64658938653943299,1
175,650.02793176471573,0.56084954939845633,0.64653960490038775,1
176,657.16645610347337,0.54792913520527953,0.64648982326134252,1
177,662.30042303822631,0.55577921405569519,0.64644004162229729,1
178,663.46192559239148,0.57060839909776828,0.64639025998325206,1
179,658.63031761059744,0.56431165353674539,0.64634047834420683,1
180,657.36102044934557,0.57056717322959338,0.64629069670516148,1
181,655.67575222827395,0.57186900724706402,0.64624091506611625,1
182,662.14036340734935,0.57986356935673089,0.64619113342707102,1
183,656.02508445967828,0.59077572318357296,0.64614135178802579,1
184,654.03481131164881,0.58936754117381585,0.64609157014898055,1
185,650.02403527445665,0.59381661020930165,0.64604178850993532,1
186,661.94677959053843,0.59391405553026078,0.64599200687089009,1
187,645.03369467886614,0.60183697118540191,0.64594222523184486,1
188,636.94192827947745,0.60499943446512505,0.64589244359279963,1
189,643.09894467574611,0.59677983033284954,0.64584266195375439,1
190,634.39409163011942,0.59430378546407026,0.64579288031470916,0
191,632.16467890038643,0.59774704164127035,0.64574309867566382,0
192,645.71043444203326,0.61986021609192044,0.64569331703661859,1
193,647.87440392414476,0.60531489644725933,0.64564353539757335,1
194,666.10611834770202,0.59840325434224817,0.64559375375852812,1
195,684.88835747073597,0.61021388303648538,0.64554397211948289,1
196,722.49670720295046,0.58441748160302509,0.64549419048043766,1
197,778.86098840894419,0.59409630792142853,0.64544440884139243,1
198,812.18860722487238,0.58887901039105095,0.64539462720234719,1
199,844.61183893353314,0.57597353489605851,0.64534484556330196,1
200,873.73171959203921,0.58779900265398288,0.64529506392425673,1
201,919.30471418954914,0.59020745424422905,0.6452452822852115,1
202,922.35041310420411,0.58106091314272612,0.64519550064616615,1
203,907.69243719602764,0.58275568951627299,0.64514571900712092,1
204,886.70546884919702,0.58582161135332933,0.64509593736807569,1
205,863.32488590999026,0.58717271324061227,0.64504615572903046,1
206,842.03892737071135,0.59529815773997774,0.64499637408998522,1
207,786.7239902136871,0.59840223694040573,0.64494659245093999,1
208,744.35655535359001,0.59542779899370568,0.64489681081189476,1
209,697.1582921901263,0.60969810005010383,0.64484702917284953,1
210,677.10007080543005,0.62307793047868021,0.6447972475338043,1
211,660.78071595587494,0.63414338594398123,0.64474746589475906,1
212,635.23284887945465,0.62677814260734011,0.64469768425571383,1
213,646.97622751640836,0.62616503845401517,0.64464790261666849,1
214,645.05230189491499,0.61945447200525483,0.64459812097762326,1
215,652.8173175169203,0.62347400415084964,0.64454833933857802,1
216,657.5897903819897,0.63672339793097676,0.64449855769953279,1
217,647.6424278144176,0.61445870509946854,0.64444877606048756,1
218,651.31997191064158,0.62616199196067368,0.64439899442144233,1
219,650.0329449994565,0.62418277249206122,0.6443492127823971,1
220,656.33009114028391,0.6163403638918461,0.64429943114335186,1
221,654.76834934041085,0.61248950774053179,0.64424964950430663,1
222,654.26543015409027,0.60840507337306693,0.6441998678652614,1
223,658.60671705206028,0.61702067768349733,0.64415008622621617,1
224,659.9762942333416,0.6092435393439144,0.64410030458717082,1
225,656.59657206247641,0.60088595471275374,0.64405052294812559,1
226,654.80584732715545,0.59693026267383353,0.64400074130908036,1
227,651.41039513377098,0.59892206306641338,0.64395095967003513,1
228,657.27126310745371,0.58946102100816433,0.6439011780309899,1
229,655.01237135733345,0.59128249340726946,0.64385139639194466,1
230,647.4426574448853,0.59816014575748,0.64380161475289943,1
231,659.75205096805166,0.59625932121829339,0.6437518331138542,1
232,660.52412495777571,0.592880862591318,0.64370205147480897,1
233,661.11179039073227,0.59927164031108027,0.64365226983576374,1
234,665.29350588140869,0.59156159238660111,0.6436024881967185,1
235,650.48270737554412,0.59768956260617534,0.64355270655767316,1
236,654.25788157477768,0.58224727748819161,0.64350292491862793,1
237,662.89483527821801,0.58529770908158174,0.6434531432795827,1
238,654.60990653832755,0.57375001833385897,0.64340336164053746,1
239,652.02426635625613,0.58971292690180266,0.64335358000149223,1
240,652.37235233095328,0.5915361634314289,0.643303798362447,1
241,650.53690658343169,0.60332522033668634,0.64325401672340177,1
242,655.00152734075118,0.58036789085264606,0.64320423508435653,1
243,663.06862136308564,0.59235899819619708,0.6431544534453113,1
244,654.75222841945094,0.59923317144881738,0.64310467180626607,1
245,661.28513646288502,0.61228811472577116,0.64305489016722084,1
246,663.34349361346221,0.60528536932140375,0.6430051085281755,1
247,659.79410747507859,0.60703417679276495,0.64295532688913026,1
248,659.78276038029082,0.61829502906697298,0.64290554525008503,1
249,652.10776027506699,0.59860429637958978,0.6428557636110398,1
250,655.36535440506123,0.60708334719490986,0.64280598197199457,1
251,662.75623514905226,0.63617989484358606,0.64275620033294933,1
252,662.28277639320845,0.61734282766309678,0.6427064186939041,1
253,662.93290415903061,0.61219264124285511,0.64265663705485887,1
254,685.21739903730281,0.6051861099192547,0.64260685541581364,1
255,684.52978717810606,0.61474608831442268,0.64255707377676841,1
256,696.15524692918177,0.60456794514589662,0.64250729213772306,1
257,714.20690700229011,0.62513689078866996,0.64245751049867783,1
258,724.22429082751705,0.61950776703531774,0.6424077288596326,1
259,741.66540550659727,0.60625139791216909,0.64235794722058737,1
260,741.38237278356189,0.622992146796293,0.64230816558154213,1
261,745.79108865051739,0.61334014811781123,0.6422583839424969,1
262,763.25339107357308,0.61254964363127806,0.64220860230345167,1
263,785.74619000393977,0.61386861452984431,0.64215882066440644,1
264,814.17367230353909,0.62053410991924107,0.64210903902536121,1
265,834.70256561853023,0.62738009268559403,0.64205925738631597,1
266,830.99778157308651,0.6323311494824253,0.64200947574727074,1
267,841.59461754068889,0.64797515999681976,0.6419596941082254,1
268,829.26716000929025,0.64833697669966406,0.64190991246918017,1
269,827.47500155979515,0.65098768904167437,0.64186013083013493,1
270,821.01756205751008,0.67120557995882579,0.6418103491910897,1
271,798.20629640006041,0.67419274463953194,0.64176056755204447,1
272,787.64168683789137,0.68590119611903033,0.64171078591299924,1
273,763.70451699606087,0.67486468276949862,0.64166100427395401,1
274,734.79161724932339,0.6980352317324422,0.64161122263490877,1
275,721.21795654475704,0.70103794898427496,0.64156144099586354,1
276,683.09159101563012,0.69714092631164748,0.64151165935681831,1
277,669.87574066291836,0.71392671508986982,0.64146187771777308,1
278,647.9867638646723,0.71411482074418842,0.64141209607872773,1
279,641.81283058947122,0.71665363179330643,0.6413623144396825,1
280,635.58429396061206,0.71343170975784798,0.64131253280063727,1
281,648.62090352108646,0.70889493284598848,0.64126275116159204,1
282,654.31612334616625,0.71815559733856205,0.64121296952254681,1
283,648.73316431361422,0.70831530973785373,0.64116318788350157,1
284,643.62274449758399,0.70709350314903074,0.64111340624445634,1
285,648.74154014550663,0.7126344455707404,0.64106362460541111,1
286,647.12557810050521,0.70863249182698573,0.64101384296636588,1
287,653.23803648896057,0.69701143174266322,0.64096406132732064,1
288,659.82216691487963,0.69492101487607683,0.64091427968827541,1
289,653.97091739211976,0.70216645453348558,0.64086449804923007,1
290,667.2431493104541,0.69584203000978195,0.64081471641018484,1
291,662.9598137601804,0.69791659902205272,0.6407649347711396,1
292,659.12684745724664,0.69320890006253688,0.64071515313209437,1
293,660.69971508014828,0.69348844439069401,0.64066537149304914,1
294,657.89671192773471,0.68167727230378705,0.64061558985400391,1
295,658.79286540367445,0.69086406688611934,0.64056580821495868,1
296,663.92979370465332,0.69255226749713272,0.64051602657591344,1
297,659.12857490137094,0.69460185052389367,0.64046624493686821,1
298,651.63887458381555,0.68492838351997165,0.64041646329782298,1
299,651.92250954343342,0.68281929250897733,0.64036668165877775,1
300,656.87864800679813,0.68204194431372545,0.6403169000197324,1
301,653.68690954508202,0.68492540817620584,0.64026711838068717,1
302,649.7821292394068,0.68991819626326234,0.64021733674164194,1
303,666.82832348440331,0.68273737987682914,0.64016755510259671,1
304,657.06903583433746,0.67890575582836521,0.64011777346355148,1
305,656.55604744949187,0.68793530918838119,0.64006799182450624,1
306,651.42585699235008,0.69013295653716633,0.64001821018546101,1
307,660.67701902928638,0.70075822277517508,0.63996842854641578,1
308,664.58206059636109,0.71641232338464267,0.63991864690737055,1
309,660.03382804995022,0.69180090446681586,0.63986886526832532,1
310,646.8106759724277,0.6986358000952364,0.63981908362928008,1
311,653.15208538048023,0.69777669069174331,0.63976930199023474,1
312,656.62286458556605,0.72878276471014769,0.63971952035118951,1
313,649.73898671145423,0.71199029794076707,0.63966973871214428,1
314,652.59840019344665,0.71810124521408036,0.63961995707309904,1
315,653.05921216174181,0.7167321983627819,0.63957017543405381,1
316,642.64733519826916,0.73175597404902681,0.63952039379500858,1
317,645.22904939146974,0.7312261419756263,0.63947061215596335,1
318,644.15659757139463,0.73649523301400055,0.63942083051691812,1
319,633.14765037997483,0.73492882378785995,0.63937104887787288,0
320,636.70472426373055,0.74720415215788782,0.63932126723882765,1
321,630.96170343088033,0.72650492055817606,0.63927148559978242,0
322,633.64693479589789,0.73290539427298573,0.63922170396073708,0
323,614.15044762528839,0.72901356920264648,0.63917192232169184,0
324,609.15572594047455,0.72627354788638587,0.63912214068264661,0
325,611.86230848100286,0.73209162728609256,0.63907235904360138,0
326,606.00125317508071,0.73387648333967848,0.63902257740455615,0
327,612.00151036820239,0.71904117793874067,0.63897279576551091,0
328,646.47057871833636,0.7124049843200746,0.63892301412646568,1
329,672.59269836306601,0.70018018442409535,0.63887323248742045,1
330,695.1807579368334,0.68598123144603207,0.63882345084837522,1
331,702.62868098383387,0.69389573035444085,0.63877366920932999,1
332,730.42232116536093,0.69719436389382594,0.63872388757028475,1
333,735.29414788289057,0.68140164777810452,0.63867410593123941,1
334,724.52538314885828,0.67582939745484882,0.63862432429219418,1
335,723.00619276803639,0.67820159561181903,0.63857454265314895,1
336,689.00739694082779,0.67722155754418467,0.63852476101410371,1
337,676.47892535127619,0.67297491220128891,0.63847497937505848,1
338,653.32180104072802,0.67240140864819142,0.63842519773601325,1
339,643.42788149660907,0.68020525873745596,0.63837541609696802,1
340,626.81179222384151,0.69249347848863063,0.63832563445792279,0
341,615.7734074841909,0.69535914408740052,0.63827585281887755,0
342,618.36109617628676,0.69049698593314279,0.63822607117983232,0
343,619.73895151455258,0.70369599603302879,0.63817628954078698,0
344,631.35136308575079,0.68500037465162411,0.63812650790174175,0
345,640.63193880069491,0.70855630209871923,0.63807672626269651,1
346,637.55832248410809,0.69330336116469582,0.63802694462365128,1
347,633.69133546654336,0.68862680392255138,0.63797716298460605,0
348,641.55950126704488,0.69985078473166762,0.63792738134556082,1
349,649.55515806261133,0.6936590718200103,0.63787759970651559,1
350,644.09772258170699,0.69904744241611128,0.63782781806747035,1
351,639.23384373491899,0.68503220227934614,0.63777803642842512,1
352,655.24080129396907,0.68492073012503718,0.63772825478937989,1
353,657.69821239641374,0.68981553157076958,0.63767847315033466,1
354,649.37891355632996,0.70207272524265574,0.63762869151128942,1
355,651.85306559127184,0.68533705019621638,0.63757890987224408,1
356,658.38047679768351,0.6779108073413298,0.63752912823319885,1
357,650.78963047190746,0.66847801863750056,0.63747934659415362,1
358,663.70175018672478,0.67576880899269631,0.63742956495510839,1
359,655.53049428860152,0.67876958648500918,0.63737978331606315,1
360,655.84728801840902,0.66892385100691187,0.63733000167701792,1
361,656.28969603813584,0.66989142694580905,0.63728022003797269,1
362,651.13603216214642,0.68467993392848459,0.63723043839892746,1
363,653.1098554445108,0.66214801392707556,0.63718065675988222,1
364,659.92869698172046,0.66038431567404299,0.63713087512083699,1
365,648.39798139976767,0.66969707874558715,0.63708109348179165,1
366,653.47201938917351,0.656859917998594,0.63703131184274642,1
367,650.8865907218983,0.66550009454265058,0.63698153020370119,1
368,646.51355263368941,0.65649359241708294,0.63693174856465595,1
369,653.34735859902526,0.67119240748053388,0.63688196692561072,1
370,654.34994985287631,0.66496367245857679,0.63683218528656549,1
371,653.92769127111933,0.66093213324626399,0.63678240364752026,1
372,648.05646529262117,0.66085059227210929,0.63673262200847502,1
373,661.42361866033832,0.66630570617216012,0.63668284036942979,1
374,662.88379701207646,0.66967646622014665,0.63663305873038456,1
375,654.56893855336455,0.68126203534928287,0.63658327709133933,1
376,647.28820233052727,0.68039242357172114,0.6365334954522941,1
377,654.16036131700753,0.68499849651723244,0.63648371381324875,1
378,654.63023019709499,0.67263933323276981,0.63643393217420352,1
379,665.76424856230096,0.6717469729374651,0.63638415053515829,1
380,656.5559953175831,0.68151183568538332,0.63633436889611306,1
381,652.77918999093811,0.68491497662647061,0.63628458725706782,1
382,651.75134427058356,0.68326958628596801,0.63623480561802259,1
383,655.87144602672765,0.69760187361231785,0.63618502397897736,1
384,652.97572866613382,0.69132712748729064,0.63613524233993213,1
385,660.65612556326937,0.70016165616351178,0.6360854607008869,1
386,679.11778156215712,0.67995919512642244,0.63603567906184166,1
387,698.47711771836362,0.70235590501941336,0.63598589742279632,1
388,717.67750535155449,0.68972852212571834,0.63593611578375109,1
389,736.96796599995753,0.69429894685455917,0.63588633414470586,1
390,766.58021881597426,0.68596443453526279,0.63583655250566062,1
391,806.73201048277167,0.68301392666889782,0.63578677086661539,1
392,817.08633394811204,0.66154333203490046,0.63573698922757016,1
393,849.92607125300299,0.65663908685081018,0.63568720758852493,1
394,863.15197414756824,0.65934182914222983,0.6356374259494797,1
395,899.29489077206154,0.66466276492358478,0.63558764431043446,1
396,902.69086030246569,0.65881658869078596,0.63553786267138923,1
397,912.065361504929,0.66168750001426113,0.635488081032344,1
398,899.08215566173919,0.65438654474646563,0.63543829939329866,1
399,884.25849036052784,0.65034120618004676,0.63538851775425342,1
400,852.41221533578846,0.67036978081708987,0.63533873611520819,1
401,832.23957731653718,0.66145110890237335,0.63528895447616296,1
402,783.17677768206215,0.66388642199353487,0.63523917283711773,1
403,726.85678780658668,0.68276063729563663,0.63518939119807249,1
404,700.82388497793954,0.6837361459614324,0.63513960955902726,1
405,675.43096679355506,0.67957935212161791,0.63508982791998203,1
406,650.9613696599481,0.68023459433992062,0.6350400462809368,1
407,643.76473984281779,0.68400317789966958,0.63499026464189157,1
408,637.99106040387198,0.68916149351493217,0.63494048300284633,1
409,645.64689829566134,0.70020920402482634,0.63489070136380099,1
410,653.91804641338194,0.7001038300337572,0.63484091972475576,1
411,655.95544228909876,0.67700836361519201,0.63479113808571053,1
412,653.35150013604664,0.68455663565857361,0.63474135644666529,1
413,651.44355230960718,0.66992302555048489,0.63469157480762006,1
414,655.94992661374113,0.67730492696027988,0.63464179316857483,1
415,657.1425177920263,0.68236372968773074,0.6345920115295296,1
416,654.19292479777482,0.66801307169722501,0.63454222989048437,1
417,667.26476026834757,0.67456874842488657,0.63449244825143913,1
418,651.83216142170397,0.67012142838065603,0.6344426666123939,1
419,657.23477213299759,0.66763619199975044,0.63439288497334867,1
420,650.87835942926461,0.67619575699208312,0.63434310333430333,1
421,662.62189236352174,0.65582632439849053,0.63429332169525809,1
422,669.1417536270485,0.65320489767023826,0.63424354005621286,1
423,662.31595688574862,0.66358413323498566,0.63419375841716763,1
424,659.07133774741794,0.65365972307088582,0.6341439767781224,1
425,657.81093752752759,0.65098274926228761,0.63409419513907717,1
426,655.83140138833392,0.64954845666988825,0.63404441350003193,1
427,651.94164210792439,0.6667270181490933,0.6339946318609867,1
428,659.91236821480879,0.6413874297598966,0.63394485022194147,1
429,663.4908057015432,0.64168888302005922,0.63389506858289624,1
430,661.9143353411373,0.65183141518095511,0.63384528694385101,1
431,653.39969933125371,0.6477934689376551,0.63379550530480566,1
432,655.33615988012218,0.64147145010222839,0.63374572366576043,1
433,656.81108031935639,0.65398355417360898,0.6336959420267152,1
434,655.2637286040017,0.64830184196506724,0.63364616038766997,1
435,652.6684025811428,0.64312634796100798,0.63359637874862473,1
436,661.55527325724847,0.64640962391650059,0.6335465971095795,1
437,653.21879425370287,0.65311084598371683,0.63349681547053427,1
438,646.95644661260314,0.65980207742955244,0.63344703383148904,1
439,665.35942696356267,0.64587000769178959,0.6333972521924438,1
440,649.00825742628876,0.65708724547563724,0.63334747055339857,1
441,655.46812683130656,0.66439780703201812,0.63329768891435334,1
442,662.05629331468265,0.66245578629684654,0.633247907275308,1
443,658.85402257328769,0.66949006139284584,0.63319812563626277,1
444,653.91198593907052,0.66086906110645172,0.63314834399721753,1
445,656.0868530156672,0.67501768808447205,0.6330985623581723,1
446,657.61460381724373,0.66726099958806961,0.63304878071912707,1
447,646.97933679835751,0.67549956792115262,0.63299899908008184,1
448,658.98108315837305,0.69377109690870631,0.6329492174410366,1
449,643.68603632256543,0.68135864509857902,0.63289943580199137,1
450,637.19562990485201,0.68547738725108454,0.63284965416294614,1
451,631.02862047351357,0.68303374923540927,0.63279987252390091,0
452,623.76337651841629,0.68526792610334997,0.63275009088485556,0
453,633.18249501044806,0.6750843936629205,0.63270030924581033,0
454,634.40653741064693,0.68324564715446001,0.6326505276067651,0
455,641.97566329968583,0.68112217832646205,0.63260074596771987,1
456,658.19883294359056,0.68360547973095487,0.63255096432867464,1
457,677.45600970155726,0.66787109077437967,0.6325011826896294,1
458,716.72294585409122,0.66492120595399218,0.63245140105058417,1
459,749.61082259553348,0.66762523206875546,0.63240161941153894,1
460,758.28365163230535,0.66842507230645942,0.63235183777249371,1
461,799.26239144218982,0.67221424198928759,0.63230205613344848,1
462,828.9050027524122,0.67906452131965778,0.63225227449440324,1
463,802.24721713482825,0.69073492783834967,0.63220249285535801,1
464,814.2105579147036,0.69104624947677329,0.63215271121631267,1
465,792.86261913171631,0.69050259837574868,0.63210292957726744,1
466,786.08547504110663,0.70254673452076533,0.6320531479382222,1
467,766.63042269042205,0.70423928853852347,0.63200336629917697,1
468,737.06401790147845,0.71773278495827442,0.63195358466013174,1
469,713.56865362286794,0.72322405632778664,0.63190380302108651,1
470,676.00664399785023,0.74414467309096244,0.63185402138204128,1
471,661.06844787354419,0.73489903449881411,0.63180423974299604,1
472,640.69323416275199,0.74580654614365538,0.63175445810395081,1
473,643.37125603770608,0.74085463075204638,0.63170467646490558,1
474,644.02132816908738,0.76198377862714828,0.63165489482586024,1
475,643.2110900365617,0.75713600305691708,0.631605113186815,1
476,651.34625665502131,0.73008210817758767,0.63155533154776977,1
477,646.65930050207896,0.73674952836278262,0.63150554990872454,1
478,642.40073582820537,0.75170521025227077,0.63145576826967931,1
479,645.95044629716574,0.72852012177480296,0.63140598663063408,1
480,652.06991280782586,0.74015232779959983,0.63135620499158884,1
481,653.77620529660101,0.72071823208054531,0.63130642335254361,1
482,661.21518106569704,0.72018481811339741,0.63125664171349838,1
483,656.70763629377643,0.69862882855476438,0.63120686007445315,1
484,652.29761141775282,0.7201447741674416,0.63115707843540791,1
485,653.70366161960737,0.72122806982069387,0.63110729679636257,1
486,665.05640768277544,0.71155105578267497,0.63105751515731734,1
487,661.37046498817097,0.68600307095828528,0.63100773351827211,1
488,663.12955741726989,0.68048367332347914,0.63095795187922687,1
489,655.94551420986818,0.68639566290577669,0.63090817024018164,1
490,655.21482432396465,0.68364389188630703,0.63085838860113641,1
491,649.44159585171974,0.69369219847887509,0.63080860696209118,1
492,665.54442701879509,0.67697879632314983,0.63075882532304595,1
493,640.61478396637233,0.6720267697355411,0.63070904368400071,1
494,657.74271699848782,0.66888496386503615,0.63065926204495548,1
495,655.03794650976033,0.67359139879462726,0.63060948040591025,1
496,654.95482797463183,0.67155172427891408,0.63055969876686491,1
497,653.79801278821435,0.66921176786665126,0.63050991712781967,1
498,657.86844366032813,0.65994995917216381,0.63046013548877444,1
499,645.75121210729253,0.67609540290041414,0.63041035384972921,1
500,652.37874406987328,0.68165308064161201,0.63036057221068398,1
501,653.27498440839076,0.67363909345586748,0.63031079057163875,1
502,665.2949355098018,0.68921783826031502,0.63026100893259351,1
503,656.1291637013594,0.69678604930746557,0.63021122729354828,1
504,662.99216707490689,0.68206310326928921,0.63016144565450305,1
505,660.94475858700889,0.70174474913355489,0.63011166401545782,1
506,649.57396751982242,0.71444136287712257,0.63006188237641259,1
507,659.74355777657627,0.68842189437420898,0.63001210073736724,1
508,664.78890499505269,0.70124816242765142,0.62996231909832201,1
509,649.00541172759927,0.71987333196329184,0.62991253745927678,1
510,661.45407696961854,0.71496682757237484,0.62986275582023155,1
511,651.08424677004632,0.71470310082418376,0.62981297418118631,1
512,658.1561527069631,0.72455269668397737,0.62976319254214108,1
513,651.81122305243434,0.70970802750197093,0.62971341090309585,1
514,661.14234097146152,0.73042391497442649,0.62966362926405062,1
515,676.84226186809758,0.7253086827884313,0.62961384762500539,1
516,695.43080607771469,0.72348018736306252,0.62956406598596015,1
517,744.93609990536459,0.72399085755468529,0.62951428434691492,1
518,786.35125383492039,0.71655753522026111,0.62946450270786958,1
519,843.78083280680789,0.70574248677890283,0.62941472106882435,1
520,885.62386361283245,0.71765305634746157,0.62936493942977911,1
521,931.20756008063847,0.7114111130768046,0.62931515779073388,1
522,971.73409395701765,0.70022537819012465,0.62926537615168865,1
523,963.61828105540837,0.68596828570368762,0.62921559451264342,1
524,986.89288055439522,0.69350079239660833,0.62916581287359818,1
525,1010.1875600099995,0.68896175094050471,0.62911603123455295,1
526,1004.2427421783228,0.67984742979486679,0.62906624959550772,1
527,990.50257386419617,0.68200295833932356,0.62901646795646249,1
528,977.84370041216619,0.67137462956179239,0.62896668631741726,1
529,941.70585347265205,0.66282468985089815,0.62891690467837191,1
530,910.25834928963729,0.66081483785549799,0.62886712303932668,1
531,848.85391320037127,0.65365497748871948,0.62881734140028145,1
532,796.11875190835508,0.6419353091726604,0.62876755976123622,1
533,748.5485550235295,0.65161276936168544,0.62871777812219098,1
534,708.39607488891647,0.66173285738812815,0.62866799648314575,1
535,679.84454145534824,0.66073794938909225,0.62861821484410052,1
536,665.48324845937134,0.66801839889059922,0.62856843320505529,1
537,650.04494851804645,0.64813404336223246,0.62851865156601006,1
538,651.08621272850473,0.65560825242562426,0.62846886992696482,1
539,648.4537489923249,0.66228093601727644,0.62841908828791959,1
540,658.8358441386905,0.66664533461528941,0.62836930664887425,1
541,653.45441313550623,0.65877581643549732,0.62831952500982902,1
542,650.13480021293537,0.65207167614545769,0.62826974337078378,1
543,658.282128571866,0.66119930322538711,0.62821996173173855,1
544,657.31912031664024,0.6582067463178406,0.62817018009269332,1
545,657.19347381070531,0.64869864514915809,0.62812039845364809,1
546,669.729835972258,0.64176257858123231,0.62807061681460286,1
547,659.15535496567736,0.65745087161572568,0.62802083517555762,1
548,651.67944715849546,0.65806033689924182,0.62797105353651239,1
549,656.89480617305423,0.65350430498146406,0.62792127189746716,1
550,659.30082391059443,0.65390657967238908,0.62787149025842193,1
551,661.83828531645793,0.65019929369712448,0.62782170861937658,1
552,665.51057159591528,0.63540202841742088,0.62777192698033135,1
553,656.49276195637276,0.63620528069805049,0.62772214534128612,1
554,652.24691637019578,0.63861972102651754,0.62767236370224089,1
555,657.5330449358911,0.65075272069125811,0.62762258206319566,1
556,651.94876892277205,0.63131749146979232,0.62757280042415042,1
557,658.18173502094226,0.63295927805457652,0.62752301878510519,1
558,657.37945173333594,0.63796155950310673,0.62747323714605996,1
559,653.22762843858538,0.65640868843040978,0.62742345550701473,1
560,656.71758036778181,0.66088860666215532,0.62737367386796949,1
561,650.47172973920067,0.64808832095087487,0.62732389222892415,1
562,653.59338604086201,0.65007035712376215,0.62727411058987892,1
563,658.74323481968349,0.65567393178268529,0.62722432895083369,1
564,646.61564524857909,0.64835857521815499,0.62717454731178846,1
565,645.170127945437,0.65396152689877218,0.62712476567274322,1
566,647.93295505224512,0.64000260499497086,0.62707498403369799,1
567,657.42394812213422,0.64387252180440224,0.62702520239465276,1
568,655.78090197376798,0.6546878730539285,0.62697542075560753,1
569,652.22750591373017,0.65589028259222093,0.62692563911656229,1
570,649.59175034465682,0.66444715321853698,0.62687585747751706,1
571,657.93335228511296,0.65991651115393546,0.62682607583847183,1
572,657.93761871832135,0.67555020108719022,0.6267762941994266,1
573,648.1473184583034,0.66368903284971714,0.62672651256038125,1
574,658.67774799867129,0.66403795351736383,0.62667673092133602,1
575,649.83529448980153,0.66294839419347684,0.62662694928229079,1
576,653.34423849499831,0.66550670410149249,0.62657716764324556,1
577,646.19102109848166,0.66881262391177443,0.62652738600420033,1
578,636.83271045096626,0.67929590287271069,0.62647760436515509,1
579,638.96753676459821,0.68107743337654203,0.62642782272610986,1
580,636.3349480555197,0.67398380224717502,0.62637804108706463,1
581,633.11654212078713,0.66662295862434617,0.6263282594480194,0
582,616.40546395116371,0.66872636537900143,0.62627847780897417,0
583,612.68866913859699,0.66361269008979717,0.62622869616992882,0
584,625.24194610617451,0.65820287918806297,0.62617891453088359,0
585,637.53717798977095,0.63890171418064867,0.62612913289183836,1
586,667.90363041411695,0.61863608424196359,0.62607935125279313,1
587,707.91119891729284,0.59869666597953219,0.62602956961374789,1
588,733.85957340370692,0.59577983614794183,0.62597978797470266,1
589,776.67910753730428,0.58326664973576825,0.62593000633565743,1
590,793.13540935306082,0.58581418607822067,0.6258802246966122,1
591,820.21506012942314,0.56658981818032583,0.62583044305756697,1
592,815.92314961359193,0.57727741854370362,0.62578066141852173,1
593,800.64773403766458,0.57808126243163316,0.6257308797794765,1
594,765.94129247919523,0.59564571633783947,0.62568109814043116,1
595,734.49125210564432,0.58600901068475986,0.62563131650138593,1
596,697.14856884242954,0.58638232603066565,0.62558153486234069,1
597,672.73950539388341,0.58979397370234488,0.62553175322329546,1
598,660.05076417422117,0.5981585737334959,0.62548197158425023,1
599,635.63000596251425,0.58761681881391237,0.625432189945205,1
600,626.61886276176858,0.58644893363151263,0.62538240830615976,0
601,623.55260026323413,0.60317997520758948,0.62533262666711453,0
602,631.84667655238923,0.58884422484124266,0.6252828450280693,0
603,640.904038638972,0.58633426048932247,0.62523306338902407,1
604,649.08777066192351,0.5805601230743358,0.62518328174997884,1
605,646.04034983999838,0.57772933502098045,0.62513350011093349,1
606,649.28819707195714,0.59093809784333529,0.62508371847188826,1
607,647.52120000809441,0.55272761561853589,0.62503393683284303,1
608,657.76155012486868,0.55673495864812172,0.6249841551937978,1
609,646.6082439584228,0.57078179893371894,0.62493437355475256,1
610,654.25295787566699,0.56091601795385881,0.62488459191570733,1
611,654.69000832410325,0.57545779031379585,0.6248348102766621,1
612,659.17296716468616,0.54188540035989996,0.62478502863761687,1
613,645.27680405384524,0.55728558628687641,0.62473524699857164,1
614,650.9896094927974,0.53580219375815863,0.6246854653595264,1
615,659.9234311967856,0.53423986108995436,0.62463568372048117,1
616,656.54720124013807,0.5404687745555764,0.62458590208143583,1
617,661.30871539698182,0.5539203513585329,0.6245361204423906,1
618,662.26107739041447,0.52960029842706735,0.62448633880334536,1
619,653.70266959943672,0.55518456112407144,0.62443655716430013,1
620,653.2161859512081,0.53485140835141776,0.6243867755252549,1
621,655.42010162865904,0.52284814217980957,0.62433699388620967,1
622,644.70420218206232,0.53517162234592586,0.62428721224716444,1
623,661.80442863661233,0.53667182857294526,0.6242374306081192,1
624,660.0232940636165,0.53161094525390518,0.62418764896907397,1
625,659.74074641200343,0.53412731020806592,0.62413786733002874,1
626,657.52284974433712,0.53945110562589083,0.62408808569098351,1
627,644.62374456552038,0.54690646486349559,0.62403830405193816,1
628,646.47898416827013,0.53897020191257017,0.62398852241289293,1
629,659.31538239251165,0.53327625571700499,0.6239387407738477,1
630,665.82985292596209,0.55565718494740368,0.62388895913480247,1
631,646.37830529769383,0.54459230703662653,0.62383917749575724,1
632,655.64095280519803,0.55125451828626615,0.623789395856712,1
633,658.91770924725824,0.56869857596635831,0.62373961421766677,1
634,650.57847918398647,0.56635061510397566,0.62368983257862154,1
635,658.98438236051459,0.56708976979267733,0.62364005093957631,1
636,650.56656394775041,0.56320004010472402,0.62359026930053107,1
637,645.8644291068415,0.58339451408992948,0.62354048766148584,1
638,645.6404208719116,0.59643405394811344,0.6234907060224405,1
639,646.01671354368148,0.58977539755060893,0.62344092438339527,1
640,642.76551758366713,0.57171799158600423,0.62339114274435004,1
641,648.48732985109837,0.59810963521273175,0.6233413611053048,1
642,634.81391225751122,0.58647977450245514,0.62329157946625957,0
643,634.93481030625139,0.6129378859474367,0.62324179782721434,0
644,615.48517994647978,0.5931611593174666,0.62319201618816911,0
645,618.31628229483613,0.60771962719396411,0.62314223454912387,0
646,607.86333360780156,0.60766734359923258,0.62309245291007864,0
647,602.78260331043953,0.61003762800929306,0.62304267127103341,0
648,596.53941344458519,0.58406468566525027,0.62299288963198807,0
649,588.54595088992346,0.57213981109901646,0.62294310799294283,0
650,594.68693189890121,0.57780456507905353,0.6228933263538976,0
651,612.88660279604346,0.56039438243744877,0.62284354471485237,0
652,620.12936033215829,0.55166249543731316,0.62279376307580714,0
653,608.44598867955381,0.55519618506823032,0.62274398143676191,0
654,610.71711446685265,0.55070275008740199,0.62269419979771667,0
655,605.7468621841258,0.5662557608143336,0.62264441815867144,0
656,590.66633891103629,0.57175917199837811,0.62259463651962621,0
657,577.61485084635092,0.57113156335795812,0.62254485488058098,0
658,574.87710468149396,0.58898287016667183,0.62249507324153575,0
659,572.49214094613694,0.60638810329421255,0.62244529160249051,0
660,585.40539548164395,0.60997112404189591,0.62239550996344517,0
661,595.40536441824565,0.60929488144961386,0.62234572832439994,0
662,602.04224210634129,0.62071443985333341,0.62229594668535471,0
663,614.44489227880922,0.61458305482807174,0.62224616504630947,0
664,615.50344275710233,0.62075933511851866,0.62219638340726424,0
665,625.11538966021192,0.61641493607463349,0.62214660176821901,0
666,617.94296782935714,0.62044992927169451,0.62209682012917378,0
667,621.06952195654355,0.62552886976264643,0.62204703849012855,0
668,617.68498386422527,0.64899951314718052,0.62199725685108331,0
669,615.05548518177068,0.63365042407473682,0.62194747521203808,0
670,616.99546890447823,0.66840026928242013,0.62189769357299274,0
671,631.38263783385798,0.64616443074906704,0.62184791193394751,0
672,633.40156020585403,0.6494890481855784,0.62179813029490227,0
673,637.30960210468334,0.63778201712947646,0.62174834865585704,1
674,638.57246677287969,0.65210770618228342,0.62169856701681181,1
675,632.49924248651212,0.63940186644307773,0.62164878537776658,0
676,644.45654106365976,0.63973602752443859,0.62159900373872135,1
677,646.60496558967282,0.62968283463590102,0.62154922209967611,1
678,649.82392592348458,0.63176822709392189,0.62149944046063088,1
679,655.854648441108,0.63431865083444861,0.62144965882158565,1
680,661.28246630951764,0.62852895153605859,0.62139987718254042,1
681,652.49829081820121,0.6273807767223506,0.62135009554349518,1
682,648.06647075454634,0.62136174489455864,0.62130031390444984,1
683,652.41856087381768,0.60826237691329954,0.62125053226540461,1
684,651.0832716523953,0.61003170675811658,0.62120075062635938,1
685,655.5352561004529,0.62140406273893534,0.62115096898731414,1
686,653.36259547248994,0.61394911724649881,0.62110118734826891,1
687,647.05422320216724,0.60298726768833077,0.62105140570922368,1
688,653.69045447695328,0.61831827904537373,0.62100162407017845,1
689,660.27694817046188,0.60635227355753818,0.62095184243113322,1
690,655.09925356599751,0.61013067510941954,0.62090206079208798,1
691,654.91110347611732,0.6190584944107419,0.62085227915304275,1
692,662.5657727326543,0.61285928876927431,0.62080249751399741,1
693,651.92311143233417,0.6042953617351382,0.62075271587495218,1
694,649.52120359419519,0.61356573666801084,0.62070293423590694,1
695,648.82207900953074,0.60763673783008032,0.62065315259686171,1
696,644.7160424593377,0.59971242133031744,0.62060337095781648,1
697,651.81870101580716,0.6018115498128912,0.62055358931877125,1
698,650.54224610064807,0.61154674443268719,0.62050380767972602,1
699,647.68035374254259,0.60916157117214242,0.62045402604068078,1
700,640.48998688162987,0.63586145428122864,0.62040424440163555,1
701,649.34442110636314,0.64129181839695182,0.62035446276259032,1
702,646.05841518192199,0.63736053124805436,0.62030468112354509,1
703,645.84452055460622,0.64239279912476677,0.62025489948449974,1
704,645.29253511308661,0.6419651445551664,0.62020511784545451,1
705,646.497754155812,0.65257302874495804,0.62015533620640928,1
706,649.91689455923142,0.6480435550533542,0.62010555456736405,1
707,644.71610364076287,0.65205304396034791,0.62005577292831882,1
708,633.21046147731147,0.66044753703636061,0.62000599128927358,0
709,632.76780340440416,0.65396152614080427,0.61995620965022835,0
710,640.683559486224,0.65072871180252745,0.61990642801118312,1
711,665.42683392738411,0.6675730219198438,0.61985664637213789,1
712,696.75774768631106,0.64072348891324538,0.61980686473309266,1
713,729.25452925278626,0.63526275346293293,0.61975708309404742,1
714,779.34946300894114,0.6292529080930116,0.61970730145500208,1
715,832.1914310822882,0.62336824988805983,0.61965751981595685,1
716,874.32950890270911,0.61665698212010689,0.61960773817691162,1
717,921.12575086849449,0.60856304891744406,0.61955795653786638,1
718,944.65857611686897,0.61001176153415115,0.61950817489882115,1
719,961.82449033813373,0.59587248244857793,0.61945839325977592,1
720,960.10259085133737,0.59350582827327281,0.61940861162073069,1
721,944.31904043750797,0.59400522139433143,0.61935882998168545,1
722,940.29081567036519,0.58384610032942896,0.61930904834264022,1
723,928.01997335884585,0.58662669096252296,0.61925926670359499,1
724,877.72664978722457,0.57846551571615157,0.61920948506454976,1
725,843.37774696029282,0.57913914617135731,0.61915970342550442,1
726,804.59232922981721,0.56922675743113638,0.61910992178645918,1
727,761.35629855728359,0.57667983178530624,0.61906014014741395,1
728,728.30369584754953,0.57319738733364112,0.61901035850836872,1
729,691.57340215932652,0.58320025384206897,0.61896057686932349,1
730,656.61555806988326,0.58137396951078668,0.61891079523027825,1
731,662.43182256784223,0.57679458561726593,0.61886101359123302,1
732,653.33256082832622,0.5765519848294417,0.61881123195218779,1
733,646.89986498739449,0.56159810289658452,0.61876145031314256,1
734,649.30971505857156,0.56435017636912888,0.61871166867409733,1
735,639.51834428127643,0.55750692700753191,0.61866188703505198,1
736,665.21382144148322,0.56517069309121171,0.61861210539600675,1
737,647.88425559510745,0.55429255673720812,0.61856232375696152,1
738,648.370493609101,0.54715014350129998,0.61851254211791629,1
739,655.99788124842792,0.57249546413889729,0.61846276047887105,1
740,648.78706890573119,0.56335132137080646,0.61841297883982582,1
741,652.47116150028967,0.55671868391702306,0.61836319720078059,1
742,651.47799679750324,0.56390131269484489,0.61831341556173536,1
743,652.73175233744541,0.56434702673908588,0.61826363392269013,1
744,660.11468890194419,0.56323486114289723,0.61821385228364489,1
745,658.15294655931098,0.56002891611157923,0.61816407064459966,1
746,663.86563921004847,0.57727958306091309,0.61811428900555443,1
747,653.86116339756177,0.56038706610666145,0.61806450736650909,1
748,655.47072981358713,0.55867615095984635,0.61801472572746385,1
749,657.97353170091606,0.57017600919303502,0.61796494408841862,1
750,657.91180878868613,0.56136484070821591,0.61791516244937339,1
751,658.7413413344201,0.5502052129554289,0.61786538081032816,1
752,652.23352753435688,0.56266781341323735,0.61781559917128293,1
753,657.7795854149424,0.562149611136051,0.61776581753223769,1
754,653.53991659668463,0.56058708674823998,0.61771603589319246,1
755,653.38124054629941,0.56181451255951032,0.61766625425414723,1
756,645.58492907475579,0.56729949823640791,0.617616472615102,1
757,658.29703237740978,0.55933374210805353,0.61756669097605665,1
758,653.6934070489865,0.556289173466193,0.61751690933701142,1
759,658.87607252569455,0.5590185451785471,0.61746712769796619,1
760,658.46967922270801,0.55549691342782881,0.61741734605892096,1
761,657.22438194788003,0.55587242836490036,0.61736756441987573,1
762,655.37306615487898,0.55808224882496549,0.61731778278083049,1
763,660.23667720997867,0.56019287331294143,0.61726800114178526,1
764,661.3236835825353,0.55632316123888936,0.61721821950274003,1
765,653.67641243439493,0.549462884966058,0.6171684378636948,1
766,651.06652051546985,0.56860964606370201,0.61711865622464956,1
767,654.51173284884192,0.56482885962099427,0.61706887458560433,1
768,657.37945362506707,0.56620296137485049,0.6170190929465591,1
769,644.64672847878921,0.5662796749849196,0.61696931130751376,1
770,650.58429915138936,0.55052678779205599,0.61691952966846852,1
771,644.99087449867102,0.56598770289730138,0.61686974802942329,1
772,646.60232969139111,0.56117893834601862,0.61681996639037806,1
773,638.42016482056511,0.55480777862469166,0.61677018475133283,1
774,646.69993895949472,0.54881520256144334,0.6167204031122876,1
775,625.35818827042419,0.55928580166678399,0.61667062147324236,0
776,620.3954643528474,0.5563377633072355,0.61662083983419713,0
777,602.19698272176856,0.54711835975922163,0.6165710581951519,0
778,593.7125399019202,0.565083479414209,0.61652127655610667,0
779,591.89222692347039,0.55328278349953985,0.61647149491706132,0
780,592.93338945522294,0.54894898729172803,0.61642171327801609,0
781,607.24764139328317,0.55354993833519606,0.61637193163897086,0
782,630.5869045160249,0.55147242303950594,0.61632214999992563,0
783,647.05417828231305,0.54552448689874045,0.6162723683608804,1
784,682.01237515384116,0.5522313246139724,0.61622258672183516,1
785,703.11404508874216,0.53125095546922796,0.61617280508278993,1
786,724.0266751923092,0.53576779972165833,0.6161230234437447,1
787,731.42245221568942,0.54537453874385311,0.61607324180469947,1
788,719.85817103555632,0.54269929962133001,0.61602346016565424,1
789,705.97280930953139,0.53631547434086291,0.615973678526609,1
790,659.959069364534,0.54997013064296552,0.61592389688756377,1
791,638.71703749631831,0.55900630536204787,0.61587411524851843,1
792,619.7141722565691,0.56929775069412336,0.6158243336094732,0
793,601.12331287009533,0.58252813053924613,0.61577455197042796,0
794,613.82732854488893,0.58733894431420741,0.61572477033138273,0
795,606.31077842252421,0.60598837173604758,0.6156749886923375,0
796,611.45957372725263,0.59129895819516742,0.61562520705329227,0
797,608.28772461619064,0.59153146836343151,0.61557542541424703,0
798,635.79672852141516,0.58666378740788661,0.6155256437752018,1
799,634.9219064460035,0.59558308281692152,0.61547586213615657,0
800,635.15795723257963,0.58813588948119289,0.61542608049711134,0
801,631.17762570623222,0.59515849484500505,0.615376298858066,0
802,656.80577660885592,0.59149139116037208,0.61532651721902076,1
803,648.08562378712588,0.5791467629974455,0.61527673557997553,1
804,641.28528288965003,0.5857210250713224,0.6152269539409303,1
805,649.5621695976846,0.56111424039044666,0.61517717230188507,1
806,644.51373720684842,0.56342240667179233,0.61512739066283983,1
807,646.0112005303331,0.57319130164942445,0.6150776090237946,1
808,650.00820131990645,0.56503300152378577,0.61502782738474937,1
809,652.00073345364956,0.56104592209405524,0.61497804574570414,1
810,649.42332210511631,0.55220617922509829,0.61492826410665891,1
811,646.51922582434247,0.56063045000619693,0.61487848246761367,1
812,644.26681448781437,0.55094473901389507,0.61482870082856833,1
813,654.02355902408408,0.54924360024356655,0.6147789191895231,1
814,662.00405589191348,0.54428150389150354,0.61472913755047787,1
815,663.116140953333,0.5358759240765365,0.61467935591143263,1
816,649.42632579182532,0.53734759427175272,0.6146295742723874,1
817,649.13170306903896,0.54519200113723754,0.61457979263334217,1
818,652.36744860696319,0.53306527356354583,0.61453001099429694,1
819,653.35756667818032,0.54231344763454914,0.61448022935525171,1
820,644.00697319307028,0.5486199194037672,0.61443044771620647,1
821,649.78155348280052,0.53612890527211654,0.61438066607716124,1
822,650.27107163643257,0.54402392017539736,0.61433088443811601,1
823,654.4139542742704,0.55868908098041892,0.61428110279907067,1
824,657.42522509986884,0.54858009127347973,0.61423132116002543,1
825,653.04752824166667,0.53845732789172074,0.6141815395209802,1
826,654.02213008156275,0.53962275461191833,0.61413175788193497,1
827,656.09041758394528,0.53958726328950168,0.61408197624288974,1
828,647.53875630155528,0.55858210831471933,0.61403219460384451,1
829,653.0346382364695,0.54345532342973313,0.61398241296479927,1
830,647.60108080747011,0.54415236845537984,0.61393263132575404,1
831,659.24198618363801,0.54921381183624451,0.61388284968670881,1
832,657.76916723351485,0.55925923003982048,0.61383306804766358,1
833,645.27017575634864,0.56142509559494758,0.61378328640861834,1
834,634.20037988054173,0.56338987574626365,0.613733504769573,0
835,638.59481971542994,0.55352180227658554,0.61368372313052777,1
836,649.32768048049877,0.57877484147945557,0.61363394149148254,1
837,648.78302829055053,0.58540446148718694,0.61358415985243731,1
838,636.8820341247515,0.56986369225614364,0.61353437821339207,1
839,629.82890141579196,0.58153818377542632,0.61348459657434684,0
840,629.21745046908438,0.58053865940276372,0.61343481493530161,0
841,629.63511599174012,0.58068047053098237,0.61338503329625638,0
842,624.06299731509466,0.5865292243980279,0.61333525165721114,0
843,619.44998941601273,0.59157731381970513,0.61328547001816591,0
844,618.09270243969229,0.59110871342612648,0.61323568837912057,0
845,621.68535428470716,0.57449347913609405,0.61318590674007534,0
846,634.85856926356632,0.58132254045867615,0.61313612510103011,0
847,632.35964859183855,0.57509599318935278,0.61308634346198487,0
848,637.04261794538832,0.56825307149281457,0.61303656182293964,1
849,641.14692160633297,0.56679701988932196,0.61298678018389441,1
850,636.17119954884367,0.56234044271492989,0.61293699854484918,1
851,602.25134040681644,0.56569221360170752,0.61288721690580394,0
852,577.31764699484495,0.55595381203839855,0.61283743526675871,0
853,558.40818291926314,0.55609750385972823,0.61278765362771348,0
854,534.34046841547502,0.55987174763401903,0.61273787198866825,0
855,527.48559941531732,0.57460302980339317,0.61268809034962302,0
856,531.70726887348565,0.58214712319712503,0.61263830871057767,0
857,539.69506657232455,0.5934623608925621,0.61258852707153244,0
858,549.31881429519024,0.60746927106151927,0.61253874543248721,0
859,574.48753645096463,0.61353338531484169,0.61248896379344198,0
860,582.81092160965852,0.6101442396735145,0.61243918215439674,0
861,596.5085149411766,0.63357026134477612,0.61238940051535151,0
862,589.20541843377691,0.63361113436944283,0.61233961887630628,0
863,602.18475616028331,0.6465199456920343,0.61228983723726105,0
864,612.04958862590536,0.66646235361611383,0.61224005559821582,0
865,613.79296682265226,0.64054795850765212,0.61219027395917058,0
866,616.39961919880818,0.64571420378878863,0.61214049232012524,0
867,617.95391691838142,0.64509316684248008,0.61209071068108001,0
868,628.90368242372688,0.65211284986377793,0.61204092904203478,0
869,639.2976690678114,0.65008433757990125,0.61199114740298954,1
870,639.16314822194909,0.64947544882180563,0.61194136576394431,1
871,638.01103502804017,0.64727180629459902,0.61189158412489908,1
872,637.4004262467123,0.66169127021020313,0.61184180248585385,1
873,643.65838725511594,0.65633755080663159,0.61179202084680862,1
874,639.36747032106518,0.65776507431719566,0.61174223920776338,1
875,642.15143499106841,0.65536344500194543,0.61169245756871815,1
876,644.03638129209492,0.66533647856969025,0.61164267592967292,1
877,647.08112023407773,0.65210204383730586,0.61159289429062769,1
878,645.48444376410214,0.65014248884899795,0.61154311265158234,1
879,649.57865648481015,0.64089010761565335,0.61149333101253711,1
880,648.10881884927699,0.63944115454871742,0.61144354937349188,1
881,641.99680277678476,0.65374901431748633,0.61139376773444665,1
882,638.75529200896642,0.65612383827146825,0.61134398609540141,1
883,644.8736512198094,0.66684309897952998,0.61129420445635618,1
884,645.93001322995804,0.67460123517155479,0.61124442281731095,1
885,657.87559293782476,0.64024777390909593,0.61119464117826572,1
886,649.41653032149327,0.65458349288361473,0.61114485953922049,1
887,649.00884240142784,0.65021082567079003,0.61109507790017525,1
888,654.30618306312385,0.66584365002993862,0.61104529626112991,1
889,656.90931302822753,0.64597885511279385,0.61099551462208468,1
890,653.58954779993769,0.65252650820286218,0.61094573298303945,1
891,659.51009987198938,0.65293374651490221,0.61089595134399421,1
892,655.55292882619176,0.63867413886101265,0.61084616970494898,1
893,654.16461796160775,0.65740809148459312,0.61079638806590375,1
894,647.63336275147537,0.63526173047534817,0.61074660642685852,1
895,645.07004183334573,0.63982637424579469,0.61069682478781329,1
896,647.30799302578646,0.64511103524173652,0.61064704314876805,1
897,645.40961821836993,0.64845735730496656,0.61059726150972282,1
898,660.7345222034977,0.6579943828400906,0.61054747987067759,1
899,649.92775870910532,0.66760538907391376,0.61049769823163236,1
900,637.82986193162458,0.64318529827264492,0.61044791659258701,1
901,641.99567686995351,0.63968046366843578,0.61039813495354178,1
902,666.54069995152554,0.64723692218801621,0.61034835331449655,1
903,639.52105621856947,0.65245676372035855,0.61029857167545132,1
904,642.40114558902189,0.65819218028426751,0.61024879003640609,1
905,644.24387057828903,0.65543202571828763,0.61019900839736085,1
906,640.92491191969714,0.66493936708417567,0.61014922675831562,1
907,645.29857638509941,0.64613100156094361,0.61009944511927039,1
908,639.5041886246762,0.65732221948807323,0.61004966348022516,1
909,650.91648288870181,0.63592894051221804,0.60999988184117993,1
910,671.59072420683492,0.63044582755670109,0.60995010020213458,1
911,717.07781807686888,0.62826759417509737,0.60990031856308935,1
912,748.15606410096416,0.62184373977307661,0.60985053692404412,1
913,800.40503087842967,0.61264111938633004,0.60980075528499889,1
914,837.19572600070467,0.616064651781148,0.60975097364595365,1
915,875.43390342194948,0.61234355496826165,0.60970119200690842,1
916,890.77849485614479,0.60801912919688517,0.60965141036786319,1
917,889.64645906292697,0.61045960982502878,0.60960162872881796,1
918,889.3937793708285,0.61979339799928668,0.60955184708977272,1
919,882.64760511191093,0.61648306763283445,0.60950206545072749,1
920,874.86185387194064,0.62746743155218565,0.60945228381168226,1
921,853.70744337770702,0.61519371261519074,0.60940250217263692,0
922,813.02966724977739,0.61703713969581664,0.60935272053359169,0
923,788.85430313271388,0.6125698322080485,0.60930293889454645,0
924,740.31051653164218,0.59863663538036704,0.60925315725550122,0
925,723.19651855292136,0.58800940778996658,0.60920337561645599,0
926,684.87256823786697,0.59105769545620712,0.60915359397741076,0
927,664.71409963068504,0.59612014716319939,0.60910381233836552,0
928,643.93819514147378,0.59036508691271006,0.60905403069932029,0
929,641.00125344139576,0.57882915212177111,0.60900424906027506,0
930,650.16067120631453,0.59436760217021589,0.60895446742122983,0
931,643.21257521681025,0.59254777859851504,0.6089046857821846,0
932,649.67600871881928,0.59027786032066876,0.60885490414313925,0
933,643.07280989269134,0.58839237330514416,0.60880512250409402,0
934,656.24097663891018,0.579443768857691,0.60875534086504879,0
935,653.91446975794861,0.58927889696994384,0.60870555922600356,0
936,645.16564503758036,0.55857256191988736,0.60865577758695832,0
937,650.29363300641478,0.57576901935543812,0.60860599594791309,0
938,649.44255143111593,0.57523193817929752,0.60855621430886786,0
939,651.84868552844762,0.56782386931022621,0.60850643266982263,0
940,657.18467455743667,0.57655892280910837,0.6084566510307774,0
941,656.8778451265257,0.55407224712547021,0.60840686939173216,0
942,654.16062288010824,0.5649126698295015,0.60835708775268693,0
943,655.57532638846715,0.55729276388067384,0.60830730611364159,0
944,653.18842951079307,0.56587831083401985,0.60825752447459636,0
945,640.04340928784472,0.56266964947308618,0.60820774283555112,0
946,656.58756886387096,0.55532782252393875,0.60815796119650589,0
947,652.9661472751734,0.55772430490074398,0.60810817955746066,0
948,645.95551859700197,0.56692300050714795,0.60805839791841543,0
949,648.65269366531243,0.56017192973853636,0.6080086162793702,0
950,642.95865232561391,0.55112513865452084,0.60795883464032496,0
951,653.19745610153291,0.56777165525253315,0.60790905300127973,0
952,645.20195244192485,0.56100697999201332,0.6078592713622345,0
953,646.03699095216268,0.56640898006295481,0.60780948972318916,0
954,645.0017376968824,0.56837062579105457,0.60775970808414392,0
955,650.1345513291177,0.55248754709997305,0.60770992644509869,0
956,655.7988093689803,0.55908399777476347,0.60766014480605346,0
957,656.16686908225097,0.55440898446981479,0.60761036316700823,0
958,651.82599172002244,0.56776222974811985,0.607560581527963,0
959,649.04782903950525,0.56364712712440967,0.60751079988891776,0
960,652.38912039286606,0.55162196041343303,0.60746101824987253,0
961,660.81958051521781,0.56381286769068018,0.6074112366108273,0
962,645.61058585235082,0.56573885884266428,0.60736145497178207,0
963,649.1004080653023,0.56761475861449429,0.60731167333273683,0
964,655.14756955309997,0.58278582509201859,0.6072618916936916,0
965,646.97293431634614,0.57925430440548875,0.60721211005464626,0
966,649.97753734401601,0.57977888519003995,0.60716232841560103,0
967,651.29299585220178,0.57115160034673063,0.60711254677655579,0
968,651.22118306619245,0.55275128809324681,0.60706276513751056,0
969,640.05304600489444,0.56422638417961146,0.60701298349846533,0
970,642.86552850152941,0.58304063180760246,0.6069632018594201,0
971,639.05638477211346,0.60088407397031551,0.60691342022037487,0
972,630.43064885933495,0.58310908042038512,0.60686363858132963,0
973,637.74502668379102,0.58903518723425707,0.6068138569422844,0
974,621.31217465431723,0.59173230102976671,0.60676407530323917,0
975,629.57769275353314,0.59952755468058494,0.60671429366419383,0
976,655.21263373468275,0.59513878693679356,0.60666451202514859,0
977,668.66873242691156,0.59615535555590837,0.60661473038610336,0
978,692.54097629492992,0.60637097695158859,0.60656494874705813,0
979,723.89759212645697,0.59566133456651438,0.6065151671080129,0
980,755.1479496719578,0.60455716290603556,0.60646538546896767,0
981,788.79813342724208,0.60887733296879742,0.60641560382992243,0
982,805.52972533897093,0.59099519634349518,0.6063658221908772,0
983,816.35637250798754,0.58423579325573227,0.60631604055183197,0
984,791.11689342756483,0.60150570857026298,0.60626625891278674,0
985,772.31473070059178,0.59156703394108523,0.60621647727374151,0
986,745.23297639669454,0.59496685299299468,0.60616669563469627,0
987,712.85387029584695,0.60905221367309792,0.60611691399565093,0
988,681.61498361721635,0.62934377896074234,0.6060671323566057,0
989,652.60610205426178,0.63125926789649056,0.60601735071756047,0
990,636.43408949571153,0.63455552236324286,0.60596756907851523,0
991,623.77586908243541,0.64934647541167279,0.60591778743947,0
992,623.25923282833548,0.65501060044923376,0.60586800580042477,0
993,620.86285464534501,0.65033265343067337,0.60581822416137954,0
994,617.78999236652851,0.65069743013179471,0.6057684425223343,0
995,631.82286213457735,0.64789238807279415,0.60571866088328907,0
996,627.29182103714959,0.65346696417192729,0.60566887924424384,0
997,631.82121848571751,0.64845289770126335,0.6056190976051985,0
998,639.41355376180252,0.6329254120547404,0.60556931596615327,0
999,647.01147375887001,0.64428666136130874,0.60551953432710803,0
